Pclass,Sex,SibSp,Parch,Fare,Age_wiki,Boarded,Marriage_status,Rank,Nobility,Youth,Survived
3,male,1,0,7.25,22.0,2.0,No,No,No,No,No
1,female,1,0,71.2833,35.0,3.0,Yes,No,No,No,Yes
3,female,0,0,7.925,26.0,2.0,No,No,No,No,Yes
1,female,1,0,53.1,35.0,2.0,Yes,No,No,No,Yes
3,male,0,0,8.05,35.0,2.0,No,No,No,No,No
3,male,0,0,8.4583,22.0,1.0,No,No,No,No,No
1,male,0,0,51.8625,54.0,2.0,No,No,No,No,No
3,male,3,1,21.075,2.0,2.0,No,No,No,Yes,No
3,female,0,2,11.1333,26.0,2.0,Yes,No,No,No,Yes
2,female,1,0,30.0708,14.0,3.0,Yes,No,No,Yes,Yes
3,female,1,1,16.7,4.0,2.0,No,No,No,Yes,Yes
1,female,0,0,26.55,61.0,2.0,No,No,No,No,Yes
3,male,0,0,8.05,19.0,2.0,No,No,No,No,No
3,male,1,5,31.275,39.0,2.0,No,No,No,No,No
3,female,0,0,7.8542,14.0,2.0,No,No,No,Yes,No
2,female,0,0,16.0,56.0,2.0,Yes,No,No,No,Yes
3,male,4,1,29.125,2.0,1.0,No,No,No,Yes,No
2,male,0,0,13.0,23.0,2.0,No,No,No,No,Yes
3,female,1,0,18.0,31.0,2.0,Yes,No,No,No,No
3,female,0,0,7.225,22.0,3.0,Yes,No,No,No,Yes
2,male,0,0,26.0,35.0,2.0,No,No,No,No,No
2,male,0,0,13.0,34.0,2.0,No,No,No,No,Yes
3,female,0,0,8.0292,16.0,1.0,No,No,No,Yes,Yes
1,male,0,0,35.5,28.0,2.0,No,No,No,No,Yes
3,female,3,1,21.075,8.0,2.0,No,No,No,Yes,No
3,female,1,5,31.3875,38.0,2.0,Yes,No,No,No,Yes
3,male,0,0,7.225,25.0,3.0,No,No,No,No,No
1,male,3,2,263.0,19.0,2.0,No,No,No,No,No
3,female,0,0,7.8792,25.0,1.0,No,No,No,No,Yes
3,male,0,0,7.8958,23.0,2.0,No,No,No,No,No
1,male,0,0,27.7208,40.0,3.0,No,No,Yes,No,No
1,female,1,0,146.5208,45.0,3.0,Yes,No,No,No,Yes
3,female,0,0,7.75,19.0,1.0,No,No,No,No,Yes
2,male,0,0,10.5,66.0,2.0,No,No,Yes,No,No
1,male,1,0,82.1708,28.0,3.0,No,No,No,No,No
1,male,1,0,52.0,42.0,2.0,No,No,No,No,No
3,male,0,0,7.2292,20.0,3.0,No,No,No,No,Yes
3,male,0,0,8.05,21.0,2.0,No,No,No,No,No
3,female,2,0,18.0,18.0,2.0,No,No,No,No,No
3,female,1,0,11.2417,14.0,3.0,No,No,No,Yes,Yes
3,female,1,0,9.475,40.0,2.0,Yes,No,No,No,No
2,female,1,0,21.0,27.0,2.0,Yes,No,No,No,No
3,male,0,0,7.8958,28.0,3.0,No,No,No,No,No
2,female,1,2,41.5792,3.0,3.0,No,Yes,No,Yes,Yes
3,female,0,0,7.8792,19.0,1.0,No,No,No,No,Yes
3,male,0,0,8.05,29.0,2.0,No,No,No,No,No
3,male,1,0,15.5,20.0,1.0,No,No,No,No,No
3,female,0,0,7.75,24.0,1.0,No,Yes,No,No,Yes
3,male,2,0,21.6792,16.0,3.0,No,No,No,Yes,No
3,female,1,0,17.8,18.0,2.0,Yes,No,No,No,No
3,male,4,1,39.6875,7.0,2.0,No,No,No,Yes,No
3,male,0,0,7.8,21.0,2.0,No,No,No,No,No
1,female,1,0,76.7292,49.0,3.0,Yes,No,No,No,Yes
2,female,1,0,26.0,29.0,2.0,Yes,No,No,No,Yes
1,male,0,1,61.9792,64.0,2.0,No,No,No,No,No
1,male,0,0,35.5,45.0,2.0,No,No,No,No,Yes
2,female,0,0,10.5,21.0,2.0,No,No,No,No,Yes
3,male,0,0,7.2292,20.0,3.0,No,No,No,No,No
2,female,1,2,27.75,4.0,2.0,No,No,No,Yes,Yes
3,male,5,2,46.9,13.0,2.0,No,No,No,Yes,No
3,male,0,0,7.2292,22.0,3.0,No,No,Yes,No,No
1,female,0,0,80.0,38.0,2.0,No,No,No,No,Yes
1,male,1,0,83.475,45.0,2.0,No,No,No,No,No
3,male,3,2,27.9,5.0,2.0,No,No,No,Yes,No
1,male,0,0,27.7208,54.0,3.0,No,No,No,No,No
3,male,1,1,15.2458,7.0,3.0,No,No,No,Yes,Yes
2,female,0,0,10.5,29.0,2.0,Yes,No,No,No,Yes
3,male,0,0,8.1583,19.0,2.0,No,No,No,No,No
3,female,4,2,7.925,17.0,2.0,No,Yes,No,Yes,Yes
3,male,2,0,8.6625,26.0,2.0,No,No,No,No,No
2,male,0,0,10.5,32.0,2.0,No,No,No,No,No
3,female,5,2,46.9,16.0,2.0,No,No,No,Yes,No
2,male,0,0,73.5,21.0,2.0,No,No,No,No,No
3,male,1,0,14.4542,26.0,3.0,No,No,No,No,No
3,male,0,0,56.4958,32.0,2.0,No,No,No,No,Yes
3,male,0,0,7.65,25.0,2.0,No,No,No,No,No
3,male,0,0,7.8958,23.0,2.0,No,No,No,No,No
3,male,0,0,8.05,28.0,2.0,No,No,No,No,No
2,male,0,2,29.0,0.83,2.0,No,No,No,Yes,Yes
3,female,0,0,12.475,31.0,2.0,No,No,No,No,Yes
3,male,0,0,9.0,22.0,2.0,No,No,No,No,No
3,male,0,0,9.5,29.0,2.0,No,No,No,No,Yes
3,female,0,0,7.7875,31.0,1.0,No,No,No,No,Yes
1,male,0,0,47.1,31.0,2.0,No,No,No,No,No
2,female,0,0,10.5,17.0,2.0,No,No,No,Yes,Yes
3,female,3,0,15.85,33.0,2.0,Yes,No,No,No,Yes
3,male,1,3,34.375,16.0,2.0,No,No,No,Yes,No
3,male,0,0,8.05,20.0,2.0,No,No,No,No,No
1,female,3,2,263.0,23.0,2.0,No,No,No,No,Yes
3,male,0,0,8.05,24.0,2.0,No,No,No,No,No
3,male,0,0,8.05,29.0,2.0,No,No,No,No,No
3,male,0,0,7.8542,20.0,2.0,No,Yes,No,No,No
1,male,1,0,61.175,46.0,2.0,No,No,No,No,No
3,male,1,2,20.575,25.0,2.0,No,No,No,No,No
3,male,0,0,7.25,59.0,2.0,No,No,No,No,No
3,male,0,0,8.05,22.0,2.0,No,No,No,No,No
1,male,0,0,34.6542,71.0,3.0,No,No,No,No,No
1,male,0,1,63.3583,23.0,3.0,No,No,No,No,Yes
2,female,0,1,23.0,34.0,2.0,Yes,No,No,No,Yes
2,male,1,0,26.0,34.0,2.0,No,No,No,No,No
3,female,0,0,7.8958,28.0,2.0,No,No,No,No,No
3,male,0,0,7.8958,29.0,2.0,No,No,No,No,No
1,male,0,1,77.2875,21.0,2.0,No,No,No,No,No
3,male,0,0,8.6542,33.0,2.0,No,No,No,No,No
3,male,2,0,7.925,37.0,2.0,No,No,No,No,No
3,male,0,0,7.8958,28.0,2.0,No,No,No,No,No
3,female,0,0,7.65,21.0,2.0,No,No,No,No,Yes
3,male,0,0,7.775,29.0,2.0,No,No,No,No,Yes
3,male,0,0,7.8958,38.0,2.0,No,No,No,No,No
3,female,1,0,24.15,28.0,1.0,No,No,No,No,Yes
1,male,0,0,52.0,46.0,2.0,No,No,No,No,No
3,female,1,0,14.4542,16.0,3.0,No,No,No,Yes,No
3,male,0,0,8.05,22.0,2.0,No,No,No,No,No
3,female,1,0,9.825,20.0,2.0,No,No,No,No,No
3,female,0,0,14.4583,17.0,3.0,No,No,No,Yes,No
3,male,0,0,7.925,21.0,2.0,No,No,No,No,No
3,male,0,0,7.75,61.0,1.0,No,No,No,No,No
2,male,1,0,21.0,29.0,2.0,No,No,No,No,No
1,male,0,1,247.5208,24.0,3.0,No,No,No,No,No
3,female,4,2,31.275,2.0,2.0,No,No,No,Yes,No
2,male,2,0,73.5,20.0,2.0,No,No,No,No,No
3,male,0,0,8.05,19.0,2.0,No,No,No,No,No
2,male,1,0,30.0708,28.0,3.0,No,No,No,No,No
2,female,0,0,13.0,37.0,2.0,No,No,No,No,Yes
1,male,0,1,77.2875,54.0,2.0,No,No,No,No,No
3,male,1,0,11.2417,12.0,3.0,No,No,No,Yes,Yes
3,male,0,0,7.75,20.0,1.0,No,No,No,No,No
3,male,0,0,7.1417,24.0,2.0,No,No,No,No,Yes
3,female,1,1,22.3583,2.0,3.0,No,No,No,Yes,Yes
3,male,0,0,6.975,45.0,2.0,No,No,No,No,No
3,male,0,0,7.8958,33.0,3.0,No,Yes,No,No,No
3,male,0,0,7.05,20.0,2.0,No,No,No,No,No
3,female,1,0,14.5,47.0,2.0,Yes,No,No,No,No
2,female,1,0,26.0,37.0,2.0,Yes,No,No,No,Yes
2,male,0,0,13.0,25.0,2.0,No,No,No,No,No
2,male,0,0,15.0458,23.0,3.0,No,No,No,No,No
1,female,0,2,26.2833,19.0,2.0,No,No,No,No,Yes
1,male,1,0,53.1,37.0,2.0,No,No,No,No,No
3,male,0,0,9.2167,16.0,2.0,No,No,No,Yes,No
1,male,0,0,79.2,24.0,3.0,No,No,No,No,No
3,female,0,2,15.2458,40.0,3.0,Yes,No,No,No,No
3,female,0,0,7.75,22.0,2.0,No,No,No,No,Yes
3,female,1,0,15.85,24.0,2.0,Yes,No,No,No,Yes
3,male,0,0,6.75,19.0,1.0,No,No,No,No,No
2,male,0,0,11.5,17.0,2.0,No,Yes,No,Yes,No
2,male,1,1,36.75,19.0,2.0,No,No,No,No,No
3,male,0,0,7.7958,27.0,2.0,No,No,No,No,Yes
3,female,2,2,34.375,7.0,2.0,No,No,No,Yes,No
2,male,0,2,26.0,32.0,2.0,No,No,No,No,No
2,male,0,0,13.0,42.0,2.0,No,Yes,No,No,No
2,male,0,0,12.525,51.0,2.0,No,Yes,No,No,No
1,female,1,0,66.6,22.0,2.0,Yes,No,No,No,Yes
3,male,0,0,8.05,48.0,2.0,No,No,No,No,No
3,male,0,2,14.5,35.0,2.0,No,No,No,No,No
3,male,0,0,7.3125,27.0,2.0,No,No,No,No,No
1,male,0,1,61.3792,51.0,3.0,No,No,No,No,No
3,female,0,0,7.7333,17.0,1.0,No,No,No,Yes,Yes
3,male,0,0,8.05,30.0,2.0,No,No,No,No,No
3,male,0,0,8.6625,37.0,2.0,No,No,No,No,No
3,male,8,2,69.55,4.0,2.0,No,No,No,Yes,No
3,male,0,1,16.1,44.0,2.0,No,No,No,No,No
2,female,0,0,15.75,40.0,2.0,Yes,No,No,No,Yes
3,male,0,0,7.775,26.0,2.0,No,No,No,No,No
3,male,0,0,8.6625,17.0,2.0,No,No,No,Yes,No
3,male,4,1,39.6875,1.0,2.0,No,No,No,Yes,No
3,male,0,2,20.525,9.0,2.0,No,No,No,Yes,Yes
1,female,0,1,55.0,48.0,2.0,Yes,No,No,No,Yes
3,female,1,4,27.9,43.0,2.0,Yes,No,No,No,No
1,male,0,0,25.925,60.0,3.0,No,No,No,No,No
3,male,0,0,56.4958,24.0,2.0,No,No,No,No,No
1,male,0,0,33.5,61.0,,No,No,No,No,No
3,male,4,1,29.125,4.0,1.0,No,No,No,Yes,No
3,female,1,1,11.1333,1.0,2.0,No,No,No,Yes,Yes
3,male,0,0,7.925,21.0,2.0,No,No,No,No,No
1,male,0,0,30.6958,56.0,3.0,No,No,No,No,No
3,male,1,1,7.8542,18.0,2.0,No,No,No,No,No
3,male,3,1,25.4667,5.0,2.0,No,No,No,Yes,No
1,female,0,0,28.7125,50.0,3.0,No,No,No,No,No
2,male,0,0,13.0,30.0,2.0,No,No,No,No,No
3,male,0,0,0.0,36.0,2.0,No,No,No,No,No
3,female,8,2,69.55,7.0,2.0,No,No,No,Yes,No
2,male,0,0,15.05,39.0,3.0,No,No,No,No,No
3,male,4,2,31.3875,9.0,2.0,No,No,No,Yes,No
2,male,2,1,39.0,1.0,2.0,No,No,No,Yes,Yes
3,female,0,2,22.025,4.0,2.0,No,No,No,Yes,Yes
1,male,0,0,50.0,38.0,2.0,No,No,No,No,No
3,female,1,0,15.5,26.0,1.0,Yes,No,No,No,Yes
1,male,0,0,26.55,45.0,2.0,No,No,No,No,Yes
3,male,1,1,15.5,42.0,1.0,No,No,No,No,No
3,male,0,0,7.8958,36.0,2.0,No,No,No,No,No
2,female,0,0,13.0,21.0,2.0,Yes,No,No,No,Yes
2,male,0,0,13.0,19.0,2.0,No,No,No,No,No
3,female,1,0,7.8542,19.0,2.0,No,No,No,No,Yes
2,male,1,1,26.0,3.0,2.0,No,No,No,Yes,Yes
1,female,0,0,27.7208,44.0,3.0,Yes,No,No,No,Yes
1,female,0,0,146.5208,59.0,3.0,No,No,No,No,Yes
3,male,0,0,7.75,26.0,1.0,No,No,No,No,No
3,male,0,1,8.4042,42.0,2.0,No,Yes,No,No,No
3,female,0,0,7.75,21.0,1.0,No,No,No,No,Yes
2,female,0,0,13.0,24.0,2.0,No,No,No,No,No
3,male,0,0,9.5,28.0,2.0,No,No,No,No,No
3,male,8,2,69.55,16.0,2.0,No,No,No,Yes,No
3,male,0,0,6.4958,34.0,2.0,No,No,No,No,No
3,male,0,0,7.225,45.0,3.0,No,No,No,No,No
3,male,0,0,8.05,18.0,2.0,No,No,No,No,Yes
3,female,0,1,10.4625,2.0,2.0,No,No,No,Yes,No
3,male,1,0,15.85,32.0,2.0,No,No,No,No,No
3,male,0,0,18.7875,26.0,3.0,No,No,No,No,Yes
3,female,0,0,7.75,16.0,1.0,No,No,No,Yes,Yes
1,male,0,0,31.0,39.0,3.0,No,No,No,No,Yes
3,male,0,0,7.05,24.0,2.0,No,No,No,No,No
2,female,0,0,21.0,35.0,2.0,No,No,No,No,Yes
3,male,0,0,7.25,22.0,2.0,No,No,No,No,No
2,male,0,0,13.0,30.0,2.0,No,No,No,No,No
3,male,1,0,7.75,22.0,1.0,No,No,No,No,No
1,female,1,0,113.275,31.0,3.0,No,No,No,No,Yes
3,female,0,0,7.925,27.0,2.0,No,No,No,No,Yes
2,male,1,0,27.0,40.0,2.0,No,No,No,No,No
1,female,0,0,76.2917,36.0,3.0,No,No,No,No,Yes
2,male,0,0,10.5,30.0,2.0,No,No,No,No,No
3,male,0,0,8.05,20.0,2.0,No,No,No,No,Yes
2,male,0,0,13.0,29.0,2.0,No,No,No,No,No
3,male,0,0,8.05,40.0,2.0,No,No,No,No,No
3,male,0,0,7.8958,22.0,2.0,No,No,No,No,No
1,male,1,0,90.0,35.0,2.0,No,No,No,No,Yes
3,male,0,0,9.35,22.0,2.0,No,No,No,No,No
2,male,0,0,10.5,19.0,2.0,No,No,No,No,Yes
3,male,0,0,7.25,20.0,2.0,No,No,No,No,No
2,male,0,0,13.0,18.0,2.0,No,No,No,No,No
3,female,3,1,25.4667,12.0,2.0,No,No,No,Yes,No
1,female,1,0,83.475,35.0,2.0,Yes,No,No,No,Yes
3,male,0,0,7.775,29.0,2.0,No,No,No,No,No
2,male,0,0,13.5,30.0,2.0,No,No,No,No,No
3,female,4,2,31.3875,5.0,2.0,No,No,No,Yes,Yes
2,male,0,0,10.5,25.0,2.0,No,No,No,No,No
3,female,0,0,7.55,21.0,2.0,No,No,No,No,No
2,male,1,0,26.0,44.0,2.0,No,No,No,No,No
2,female,0,2,26.25,8.0,2.0,No,Yes,No,Yes,Yes
2,male,0,0,10.5,19.0,2.0,No,No,No,No,No
2,male,0,0,12.275,33.0,2.0,No,No,No,No,No
3,female,1,0,14.4542,19.0,3.0,No,No,No,No,No
3,female,1,0,15.5,18.0,1.0,No,No,No,No,Yes
2,male,0,0,10.5,29.0,2.0,No,Yes,No,No,No
3,male,0,0,7.125,22.0,2.0,No,No,No,No,No
3,male,0,0,7.225,30.0,3.0,No,No,No,No,No
1,male,2,0,90.0,44.0,2.0,No,Yes,No,No,No
3,female,0,0,7.775,25.0,2.0,No,No,No,No,No
2,female,0,2,14.5,24.0,2.0,Yes,No,No,No,Yes
1,male,1,1,52.5542,37.0,2.0,No,No,No,No,Yes
2,male,1,0,26.0,54.0,2.0,No,Yes,No,No,No
3,male,0,0,7.25,19.0,2.0,No,No,No,No,No
3,female,1,1,10.4625,29.0,2.0,Yes,No,No,No,No
1,male,0,0,26.55,62.0,2.0,No,No,No,No,No
3,male,1,0,16.1,30.0,2.0,No,No,No,No,No
3,female,0,2,20.2125,41.0,2.0,Yes,No,No,No,No
3,female,0,2,15.2458,27.0,3.0,Yes,No,No,No,Yes
1,female,0,0,79.2,37.0,3.0,Yes,No,No,No,Yes
1,female,0,0,86.5,30.0,2.0,No,No,No,No,Yes
1,female,0,0,512.3292,38.0,3.0,No,No,No,No,Yes
2,female,0,1,26.0,60.0,2.0,Yes,No,No,No,Yes
3,male,0,0,7.75,26.0,1.0,No,No,No,No,No
3,male,4,2,31.3875,3.0,2.0,No,No,No,Yes,Yes
1,male,1,1,79.65,52.0,2.0,No,No,No,No,No
1,male,0,0,0.0,45.0,2.0,No,No,No,No,No
3,female,0,0,7.75,23.0,1.0,No,No,No,No,No
2,male,0,0,10.5,36.0,2.0,No,No,No,No,No
3,male,4,1,39.6875,16.0,2.0,No,No,No,Yes,No
3,male,1,0,7.775,25.0,2.0,No,No,No,No,Yes
1,female,0,1,153.4625,59.0,2.0,Yes,No,No,No,Yes
1,female,0,0,135.6333,39.0,3.0,No,No,No,No,Yes
1,male,0,0,31.0,28.0,2.0,No,No,No,No,No
3,male,0,0,0.0,25.0,2.0,No,No,No,No,Yes
2,female,0,1,19.5,41.0,2.0,Yes,No,No,No,Yes
1,male,0,1,29.7,36.0,3.0,No,No,No,No,No
3,female,0,0,7.75,29.0,1.0,No,No,No,No,Yes
1,female,1,0,77.9583,62.0,3.0,No,Yes,No,No,Yes
3,female,0,0,7.75,45.0,2.0,No,No,No,No,No
2,male,0,0,0.0,18.0,,No,No,No,No,No
3,male,4,1,29.125,7.0,1.0,No,No,No,Yes,No
3,female,1,1,20.25,39.0,2.0,Yes,No,No,No,Yes
3,male,0,0,7.75,65.0,1.0,No,No,No,No,No
3,male,0,0,7.8542,28.0,2.0,No,No,No,No,No
3,male,0,0,9.5,16.0,2.0,No,No,No,Yes,No
3,male,0,0,8.05,18.0,2.0,No,No,No,No,Yes
1,male,0,0,26.0,57.0,2.0,No,No,No,No,No
3,male,0,0,8.6625,33.0,3.0,No,No,No,No,No
3,male,0,0,9.5,36.0,2.0,No,No,No,No,Yes
3,male,0,0,7.8958,22.0,2.0,No,No,No,No,No
2,male,0,0,13.0,41.0,2.0,No,No,No,No,Yes
3,female,0,0,7.75,22.0,1.0,No,No,No,No,Yes
1,female,0,0,78.85,26.0,2.0,No,No,No,No,Yes
1,female,1,0,91.0792,19.0,3.0,Yes,No,No,No,Yes
2,male,0,0,12.875,36.0,3.0,No,No,No,No,No
3,female,0,0,8.85,24.0,2.0,No,No,No,No,No
3,male,0,0,7.8958,24.0,2.0,No,No,No,No,No
1,male,0,0,27.7208,31.0,3.0,No,No,No,No,No
3,male,0,0,7.2292,35.0,3.0,No,No,No,No,No
1,female,1,2,151.55,2.0,2.0,No,No,No,Yes,No
1,male,0,0,30.5,47.0,2.0,No,No,No,No,Yes
1,female,0,1,247.5208,50.0,3.0,Yes,No,No,No,Yes
3,female,0,0,7.75,20.0,1.0,No,No,No,No,Yes
3,male,2,0,23.25,24.0,1.0,No,No,No,No,Yes
3,male,0,0,0.0,19.0,2.0,No,No,No,No,No
2,female,0,0,12.35,46.0,1.0,No,No,No,No,Yes
3,male,0,0,8.05,28.0,2.0,No,No,No,No,No
1,male,1,2,151.55,0.92,2.0,No,Yes,No,Yes,Yes
1,female,0,0,110.8833,42.0,3.0,No,No,No,No,Yes
1,female,1,0,108.9,22.0,3.0,Yes,No,No,No,Yes
2,male,1,0,24.0,30.0,3.0,No,No,No,No,No
1,female,0,0,56.9292,31.0,3.0,No,No,No,No,Yes
1,female,0,0,83.1583,24.0,3.0,No,No,No,No,Yes
1,female,2,2,262.375,18.0,3.0,No,No,No,No,Yes
2,female,1,1,26.0,26.0,2.0,Yes,No,No,No,No
3,male,0,0,7.8958,28.0,2.0,No,No,No,No,No
2,male,1,1,26.25,47.0,2.0,No,No,No,No,No
3,female,0,0,7.8542,26.0,2.0,No,No,No,No,Yes
2,female,1,0,26.0,24.0,2.0,Yes,No,No,No,Yes
2,male,0,0,14.0,54.0,2.0,No,Yes,No,No,No
1,female,0,2,164.8667,31.0,2.0,No,No,No,No,Yes
1,female,1,1,134.5,39.0,3.0,Yes,No,No,No,Yes
3,male,0,0,7.25,22.0,2.0,No,No,No,No,No
3,male,0,0,7.8958,27.0,2.0,No,No,No,No,No
2,female,0,0,12.35,30.0,1.0,No,No,No,No,Yes
2,female,1,1,29.0,28.0,2.0,Yes,No,No,No,Yes
3,male,8,2,69.55,19.0,2.0,No,No,No,No,No
1,female,0,0,135.6333,36.0,3.0,No,No,No,No,Yes
3,male,0,0,6.2375,61.0,2.0,No,No,No,No,No
2,female,0,0,13.0,36.0,2.0,Yes,No,No,No,Yes
3,female,1,1,20.525,31.0,2.0,Yes,No,No,No,Yes
1,female,0,1,57.9792,17.0,3.0,No,No,No,Yes,Yes
3,female,2,0,23.25,29.0,1.0,No,No,No,No,Yes
1,male,0,0,28.5,40.0,2.0,No,No,No,No,No
1,male,0,1,153.4625,38.0,2.0,No,No,No,No,No
3,male,2,0,18.0,15.0,2.0,No,No,No,Yes,No
1,female,1,0,133.65,42.0,2.0,Yes,No,No,No,Yes
3,male,0,0,7.8958,30.0,2.0,No,No,No,No,No
1,male,1,0,66.6,29.0,2.0,No,No,No,No,No
1,female,0,0,134.5,41.0,3.0,No,No,No,No,Yes
3,male,0,0,8.05,45.0,2.0,No,No,No,No,Yes
1,male,0,0,35.5,45.0,2.0,No,No,No,No,No
2,male,1,1,26.0,2.0,2.0,No,No,No,Yes,Yes
1,female,3,2,263.0,24.0,2.0,No,No,No,No,Yes
2,male,0,0,13.0,27.0,2.0,No,Yes,No,No,No
2,male,0,0,13.0,25.0,2.0,No,No,No,No,No
2,male,0,0,13.0,38.0,2.0,No,No,No,No,No
2,female,0,0,13.0,18.0,2.0,No,Yes,No,No,Yes
2,female,0,0,13.0,39.0,2.0,No,No,No,No,Yes
3,male,1,1,15.9,9.0,2.0,No,No,No,Yes,Yes
3,male,0,0,8.6625,42.0,2.0,No,No,No,No,No
3,male,0,0,9.225,23.0,2.0,No,No,No,No,No
1,male,0,0,35.0,43.0,2.0,No,No,No,No,No
3,male,1,1,7.2292,17.0,3.0,No,No,No,Yes,No
3,male,1,0,17.8,25.0,2.0,No,No,No,No,No
3,male,0,0,7.225,25.0,3.0,No,No,No,No,No
3,male,0,0,9.5,28.0,2.0,No,No,No,No,No
1,female,0,1,55.0,22.0,2.0,No,No,No,No,Yes
2,female,0,0,13.0,38.0,2.0,Yes,No,No,No,No
3,female,0,0,7.8792,22.0,1.0,No,No,No,No,Yes
3,female,0,0,7.8792,23.0,1.0,No,No,No,No,Yes
3,male,1,4,27.9,40.0,2.0,No,No,No,No,No
2,male,1,0,27.7208,29.0,3.0,No,No,No,No,No
3,female,0,1,14.4542,45.0,3.0,Yes,No,No,No,No
3,male,0,0,7.05,35.0,2.0,No,No,No,No,No
3,male,1,0,15.5,27.0,1.0,No,No,No,No,No
3,male,0,0,7.25,30.0,2.0,No,No,No,No,No
1,female,1,0,75.25,60.0,3.0,Yes,No,No,No,Yes
3,female,0,0,7.2292,35.0,3.0,Yes,No,No,No,Yes
3,female,0,0,7.75,26.0,1.0,No,No,No,No,Yes
1,female,0,0,69.3,24.0,3.0,Yes,No,No,No,Yes
1,male,1,0,55.4417,25.0,3.0,No,No,No,No,Yes
3,male,1,0,6.4958,18.0,2.0,No,No,No,No,No
3,male,0,0,8.05,18.0,2.0,No,No,No,No,No
1,male,0,0,135.6333,22.0,3.0,No,No,No,No,No
3,female,3,1,21.075,3.0,2.0,No,No,No,Yes,No
1,female,1,0,82.1708,25.0,3.0,Yes,No,No,No,Yes
3,female,0,0,7.25,22.0,2.0,No,No,No,No,Yes
1,male,0,2,211.5,27.0,2.0,No,No,No,No,No
3,male,0,0,4.0125,20.0,3.0,No,No,No,No,No
3,male,0,0,7.775,19.0,2.0,No,No,No,No,No
1,female,0,0,227.525,46.0,3.0,No,No,No,No,Yes
3,female,0,2,15.7417,1.0,3.0,No,No,No,Yes,Yes
3,male,0,0,7.925,32.0,2.0,No,No,No,No,No
1,female,1,0,52.0,35.0,2.0,Yes,No,No,No,Yes
3,male,0,0,7.8958,27.0,2.0,No,No,No,No,No
2,male,0,0,73.5,21.0,2.0,No,No,No,No,No
3,male,5,2,46.9,1.0,2.0,No,No,No,Yes,No
2,female,0,0,13.0,36.0,2.0,No,No,No,No,Yes
3,male,0,0,7.7292,20.0,1.0,No,No,No,No,No
2,female,0,0,12.0,17.0,3.0,No,No,No,Yes,Yes
1,male,1,2,120.0,36.0,2.0,No,No,No,No,Yes
3,male,0,0,7.7958,21.0,2.0,No,No,No,No,Yes
3,male,2,0,7.925,28.0,2.0,No,No,No,No,No
1,female,1,0,113.275,23.0,3.0,No,No,No,No,Yes
3,female,0,2,16.7,24.0,2.0,Yes,No,No,No,Yes
3,male,0,0,7.7958,22.0,2.0,No,No,No,No,No
3,female,0,0,7.8542,31.0,2.0,No,No,No,No,No
2,male,0,0,26.0,46.0,2.0,No,No,No,No,No
2,male,0,0,10.5,23.0,2.0,No,Yes,No,No,No
2,female,0,0,12.65,26.0,2.0,Yes,No,No,No,Yes
3,male,0,0,7.925,39.0,2.0,No,No,No,No,Yes
3,male,0,0,8.05,26.0,2.0,No,No,No,No,No
3,female,1,0,9.825,21.0,2.0,No,No,No,No,No
3,male,1,0,15.85,28.0,2.0,No,No,No,No,No
3,female,0,0,8.6625,20.0,2.0,No,No,No,No,No
2,male,1,0,21.0,33.0,2.0,No,Yes,No,No,No
3,male,0,0,7.75,51.0,2.0,No,No,No,No,No
2,male,1,1,18.75,3.0,2.0,No,No,No,Yes,Yes
3,male,0,0,7.775,21.0,2.0,No,No,No,No,No
3,female,3,1,25.4667,3.0,2.0,No,No,No,Yes,No
3,male,0,0,7.8958,42.0,2.0,No,No,No,No,No
3,male,0,0,6.8583,27.0,1.0,No,No,No,No,No
1,female,1,0,90.0,33.0,2.0,No,No,No,No,Yes
2,male,0,0,0.0,21.0,,No,No,No,No,No
3,male,0,0,7.925,44.0,2.0,No,No,No,No,Yes
3,female,0,0,8.05,31.0,2.0,Yes,No,No,No,No
2,female,1,1,32.5,34.0,2.0,Yes,Yes,No,No,Yes
2,female,0,2,13.0,17.0,2.0,No,No,No,Yes,Yes
2,male,0,0,13.0,30.0,2.0,No,No,No,No,No
3,female,0,2,24.15,10.0,2.0,No,No,No,Yes,No
3,male,0,0,7.8958,28.0,3.0,No,No,No,No,No
3,male,0,0,7.7333,28.0,1.0,No,No,No,No,No
3,male,0,0,7.875,29.0,2.0,Yes,No,No,No,No
3,female,1,1,14.4,28.0,2.0,Yes,No,No,No,No
3,male,1,1,20.2125,18.0,2.0,No,No,No,No,No
3,male,0,0,7.25,54.0,2.0,No,No,No,No,No
2,female,1,0,26.0,28.0,2.0,Yes,No,No,No,Yes
2,female,0,0,26.0,19.0,2.0,Yes,No,No,No,Yes
3,male,0,0,7.75,28.0,1.0,No,No,No,No,No
3,male,0,0,8.05,32.0,2.0,No,No,No,No,Yes
1,male,0,0,26.55,28.0,2.0,No,No,No,No,Yes
3,female,1,0,16.1,32.0,2.0,Yes,No,No,No,Yes
2,female,1,0,26.0,42.0,2.0,Yes,No,No,No,Yes
3,male,0,0,7.125,17.0,2.0,No,No,No,Yes,No
1,male,1,0,55.9,50.0,3.0,No,No,No,No,No
1,female,1,2,120.0,13.0,2.0,No,No,No,Yes,Yes
3,female,2,2,34.375,20.0,2.0,No,No,No,No,No
2,female,2,3,18.75,23.0,2.0,Yes,No,No,No,Yes
1,male,1,4,263.0,64.0,2.0,No,No,No,No,No
2,male,0,0,10.5,31.0,2.0,No,No,No,No,No
2,female,1,1,26.25,48.0,2.0,Yes,No,No,No,Yes
3,male,0,0,9.5,19.0,2.0,No,No,No,No,No
3,male,1,0,7.775,25.0,2.0,No,No,No,No,No
2,female,0,0,13.0,28.0,2.0,No,No,No,No,Yes
3,male,0,0,8.1125,29.0,2.0,No,No,No,No,Yes
1,male,0,2,81.8583,4.0,2.0,No,No,No,Yes,Yes
2,female,0,1,19.5,13.0,2.0,No,No,No,Yes,Yes
1,male,0,0,26.55,34.0,2.0,No,No,No,No,Yes
3,female,2,1,19.2583,5.0,3.0,No,No,No,Yes,Yes
1,male,0,0,30.5,52.0,2.0,No,Yes,No,No,Yes
2,male,1,2,27.75,36.0,2.0,No,No,No,No,No
3,male,1,0,19.9667,28.0,2.0,No,No,No,No,No
1,male,0,0,27.75,30.0,2.0,No,No,No,No,No
1,male,1,0,89.1042,47.0,3.0,No,No,No,No,Yes
3,male,0,0,8.05,24.0,2.0,No,No,No,No,No
3,male,0,0,7.8958,29.0,3.0,No,No,No,No,Yes
1,male,0,0,26.55,65.0,3.0,No,No,No,No,No
1,female,1,0,51.8625,31.0,2.0,Yes,No,No,No,Yes
2,female,0,0,10.5,48.0,2.0,No,No,No,No,Yes
3,male,0,0,7.75,16.0,1.0,No,No,No,Yes,No
1,male,0,0,26.55,47.0,2.0,No,No,No,No,Yes
3,male,0,0,8.05,34.0,2.0,No,No,No,No,No
1,male,0,0,38.5,47.0,2.0,No,No,No,No,No
2,male,0,0,13.0,48.0,2.0,No,No,No,No,No
3,male,0,0,8.05,34.0,2.0,No,No,No,No,No
3,male,0,0,7.05,37.0,2.0,No,No,No,No,No
2,male,0,0,0.0,21.0,,No,No,No,No,No
1,male,0,0,26.55,56.0,2.0,No,No,No,No,No
3,male,0,0,7.725,22.0,1.0,No,No,No,No,No
3,female,2,1,19.2583,0.75,3.0,No,No,No,Yes,Yes
3,male,0,0,7.25,39.0,2.0,No,No,No,No,No
3,male,0,0,8.6625,38.0,2.0,No,No,No,No,No
2,female,1,2,27.75,33.0,2.0,Yes,No,No,No,Yes
2,female,0,0,13.7917,23.0,2.0,Yes,No,No,No,Yes
3,female,0,0,9.8375,22.0,2.0,No,No,No,No,No
1,male,0,0,52.0,40.0,2.0,No,No,No,No,No
2,male,1,0,21.0,33.0,2.0,No,No,No,No,No
3,male,1,0,7.0458,29.0,2.0,No,No,No,No,No
3,male,0,0,7.5208,22.0,2.0,No,No,No,No,No
3,female,0,1,12.2875,2.0,2.0,No,No,No,Yes,Yes
3,male,5,2,46.9,10.0,2.0,No,No,No,Yes,No
2,male,0,0,0.0,37.0,,No,No,No,No,No
3,male,0,0,8.05,50.0,2.0,No,No,No,No,No
3,female,0,0,9.5875,63.0,2.0,Yes,No,No,No,Yes
1,male,1,0,91.0792,25.0,3.0,No,No,No,No,Yes
3,female,3,1,25.4667,8.0,2.0,No,No,No,Yes,No
1,female,1,0,90.0,31.0,2.0,Yes,No,No,No,Yes
1,male,0,0,29.7,58.0,3.0,No,No,No,No,No
3,male,0,0,8.05,30.0,2.0,No,No,No,No,No
3,male,1,1,15.9,3.0,2.0,No,No,No,Yes,Yes
3,male,1,0,19.9667,19.0,2.0,No,No,No,No,No
3,male,0,0,7.25,21.0,2.0,No,No,No,No,No
1,male,0,0,30.5,55.0,2.0,No,No,No,No,No
1,male,0,0,49.5042,71.0,3.0,No,No,No,No,No
3,male,0,0,8.05,21.0,2.0,No,No,No,No,No
3,male,0,0,14.4583,26.0,3.0,No,No,No,No,No
1,female,1,0,78.2667,54.0,3.0,No,No,No,No,Yes
3,male,0,0,15.1,55.0,2.0,No,No,No,No,No
1,female,1,2,151.55,25.0,2.0,Yes,No,No,No,No
3,male,0,0,7.7958,24.0,2.0,No,No,No,No,No
3,male,0,0,8.6625,17.0,2.0,No,No,No,Yes,No
3,female,0,0,7.75,22.0,1.0,No,No,No,No,No
3,female,0,0,7.6292,21.0,1.0,No,No,No,No,No
3,female,0,0,9.5875,37.0,2.0,No,No,No,No,No
1,female,0,0,86.5,20.0,2.0,No,No,No,No,Yes
1,male,1,0,108.9,24.0,3.0,No,No,No,No,No
2,female,0,2,26.0,33.0,2.0,Yes,No,No,No,Yes
1,male,0,0,26.55,37.0,2.0,No,Yes,No,No,Yes
3,male,0,0,22.525,28.0,2.0,No,No,No,No,No
3,male,0,0,56.4958,26.0,2.0,No,No,No,No,Yes
3,male,0,0,7.75,29.0,1.0,No,No,No,No,Yes
3,male,0,0,8.05,66.0,2.0,No,No,No,No,No
1,male,0,0,26.2875,35.0,2.0,No,No,No,No,Yes
1,female,1,0,59.4,54.0,3.0,Yes,No,No,No,Yes
3,male,0,0,7.4958,24.0,2.0,No,Yes,No,No,No
1,male,0,0,34.0208,48.0,2.0,No,No,No,No,No
2,female,0,0,10.5,34.0,2.0,Yes,No,No,No,Yes
3,male,0,0,24.15,29.0,1.0,No,No,No,No,No
2,female,1,0,26.0,36.0,2.0,Yes,No,No,No,Yes
3,male,0,0,7.8958,32.0,2.0,No,No,No,No,No
1,female,0,0,93.5,33.0,2.0,No,No,No,No,Yes
3,male,0,0,7.8958,21.0,2.0,No,No,No,No,No
3,male,0,0,7.225,30.0,3.0,No,No,No,No,No
1,female,0,1,57.9792,44.0,3.0,Yes,No,No,No,Yes
3,male,0,0,7.2292,18.0,3.0,No,No,No,No,No
3,male,0,0,7.75,25.0,1.0,No,No,No,No,No
2,female,0,0,10.5,50.0,2.0,No,No,No,No,Yes
1,male,0,0,221.7792,57.0,2.0,No,No,No,No,No
3,male,0,0,7.925,39.0,2.0,No,No,No,No,No
2,male,2,1,11.5,23.0,2.0,No,No,No,No,No
2,female,1,1,26.0,2.0,2.0,No,No,No,Yes,Yes
3,male,0,0,7.2292,17.0,3.0,No,No,No,Yes,No
3,male,1,1,7.2292,15.0,3.0,No,No,No,Yes,No
3,female,0,2,22.3583,24.0,3.0,Yes,No,No,No,Yes
3,female,0,0,8.6625,30.0,2.0,No,No,No,No,No
2,female,0,2,26.25,7.0,2.0,No,No,No,Yes,Yes
1,male,0,0,26.55,46.0,2.0,No,Yes,No,No,No
1,female,0,0,106.425,27.0,3.0,No,No,No,No,Yes
3,male,0,0,14.5,69.0,2.0,No,No,No,No,No
1,female,0,2,49.5,22.0,3.0,No,No,No,No,Yes
1,female,0,2,71.0,39.0,2.0,No,No,No,No,Yes
3,female,4,2,31.275,9.0,2.0,No,No,No,Yes,No
3,female,4,2,31.275,11.0,2.0,No,No,No,Yes,No
2,male,1,0,26.0,32.0,2.0,No,No,No,No,Yes
1,male,1,0,106.425,50.0,3.0,No,No,Yes,No,No
1,male,0,0,26.0,64.0,2.0,No,No,No,No,No
2,female,1,0,26.0,19.0,2.0,Yes,No,No,No,Yes
2,male,0,0,13.8625,26.0,3.0,No,Yes,No,No,Yes
3,male,1,1,20.525,33.0,2.0,No,No,No,No,No
2,male,1,1,36.75,8.0,2.0,No,No,No,Yes,Yes
1,male,0,2,110.8833,17.0,3.0,No,No,No,Yes,Yes
2,male,0,0,26.0,27.0,2.0,No,No,No,No,No
3,male,0,0,7.8292,21.0,1.0,No,No,No,No,No
3,male,0,0,7.225,22.0,3.0,No,No,No,No,Yes
3,female,0,0,7.775,22.0,2.0,No,No,No,No,Yes
1,male,0,0,26.55,62.0,2.0,No,No,No,No,No
1,female,1,0,39.6,48.0,3.0,No,No,Yes,No,Yes
1,female,1,1,79.65,39.0,2.0,Yes,No,No,No,Yes
3,female,1,0,17.4,36.0,2.0,Yes,No,No,No,Yes
3,male,0,0,7.75,30.0,1.0,No,No,No,No,No
3,male,0,0,7.8958,40.0,2.0,No,No,No,No,No
2,male,0,0,13.5,28.0,2.0,No,No,No,No,No
3,male,0,0,8.05,39.0,2.0,No,No,No,No,No
3,female,0,0,8.05,63.0,2.0,Yes,No,No,No,No
3,male,2,0,24.15,24.0,2.0,No,No,No,No,No
3,male,0,0,7.8958,19.0,2.0,No,No,No,No,No
3,female,0,4,21.075,29.0,2.0,Yes,No,No,No,No
3,male,0,0,7.2292,28.0,3.0,No,No,No,No,No
3,male,0,0,7.8542,32.0,2.0,No,No,No,No,Yes
2,male,0,0,10.5,62.0,2.0,No,No,No,No,Yes
1,female,2,0,51.4792,53.0,2.0,Yes,No,No,No,Yes
1,male,0,0,26.3875,36.0,2.0,No,No,No,No,Yes
3,female,0,0,7.75,22.0,1.0,No,No,No,No,Yes
3,male,0,0,8.05,16.0,2.0,No,No,No,Yes,No
3,male,0,0,14.5,19.0,2.0,No,No,No,No,No
2,female,0,0,13.0,34.0,2.0,No,No,No,No,Yes
1,female,1,0,55.9,39.0,3.0,Yes,No,No,No,Yes
3,female,1,0,14.4583,18.0,3.0,Yes,No,No,No,No
3,male,0,0,7.925,32.0,2.0,No,No,No,No,Yes
2,female,1,1,30.0,25.0,2.0,No,No,No,No,Yes
1,female,1,1,110.8833,39.0,3.0,Yes,No,No,No,Yes
2,male,0,0,26.0,55.0,2.0,No,No,No,No,No
1,male,0,0,40.125,36.0,2.0,No,No,No,No,No
3,male,0,0,8.7125,16.0,3.0,No,No,No,Yes,No
1,female,0,2,79.65,18.0,2.0,No,No,No,No,Yes
2,male,0,0,15.0,47.0,2.0,No,No,No,No,No
1,male,1,1,79.2,60.0,3.0,No,No,No,No,Yes
3,male,0,0,8.05,22.0,2.0,No,No,No,No,No
3,male,0,0,8.05,22.0,2.0,No,No,No,No,No
3,male,0,0,7.125,35.0,2.0,No,No,No,No,No
1,female,1,0,78.2667,52.0,3.0,Yes,No,No,No,Yes
3,male,0,0,7.25,47.0,2.0,No,No,No,No,No
3,female,0,2,7.75,40.0,1.0,No,No,No,No,No
2,male,1,0,26.0,36.0,2.0,No,No,No,No,No
3,male,1,1,24.15,36.0,2.0,No,No,No,No,No
2,female,0,0,33.0,31.0,2.0,No,No,No,No,Yes
3,male,0,0,0.0,49.0,2.0,No,No,No,No,No
3,male,0,0,7.225,18.0,3.0,No,No,No,No,No
1,male,1,0,56.9292,49.0,3.0,No,No,Yes,No,Yes
2,female,2,1,27.0,24.0,2.0,Yes,No,No,No,Yes
3,male,0,0,7.8958,42.0,2.0,No,No,No,No,No
1,male,0,0,42.4,37.0,2.0,No,No,No,No,No
3,male,0,0,8.05,44.0,2.0,No,No,No,No,No
1,male,0,0,26.55,40.0,2.0,No,No,No,No,Yes
3,male,1,0,15.55,36.0,2.0,No,No,No,No,No
3,male,0,0,7.8958,30.0,2.0,No,No,No,No,No
1,male,0,0,30.5,27.0,2.0,No,No,No,No,Yes
2,female,1,2,41.5792,22.0,3.0,Yes,No,No,No,Yes
1,female,0,0,153.4625,40.0,2.0,No,No,No,No,Yes
3,female,1,5,31.275,39.0,2.0,Yes,No,No,No,No
3,male,0,0,7.05,21.0,2.0,No,No,No,No,No
3,female,1,0,15.5,25.0,1.0,No,No,No,No,Yes
3,male,0,0,7.75,22.0,1.0,No,No,No,No,No
3,male,0,0,8.05,35.0,2.0,No,No,No,No,No
2,female,1,2,65.0,24.0,2.0,No,No,No,No,Yes
3,male,1,1,14.4,34.0,2.0,No,No,No,No,No
3,female,1,0,16.1,26.0,2.0,Yes,No,No,No,No
2,female,2,1,39.0,4.0,2.0,No,No,No,Yes,Yes
2,male,0,0,10.5,26.0,2.0,No,No,No,No,No
3,male,1,0,14.4542,27.0,3.0,No,No,No,No,No
1,male,1,0,52.5542,42.0,2.0,No,No,No,No,Yes
3,male,1,1,15.7417,20.0,3.0,No,No,No,No,Yes
3,male,0,0,7.8542,21.0,2.0,No,No,No,No,No
3,male,0,0,16.1,20.0,2.0,No,No,No,No,No
1,male,0,0,32.3208,61.0,2.0,No,No,No,No,No
2,male,0,0,12.35,52.0,1.0,No,Yes,No,No,No
1,female,0,0,77.9583,21.0,3.0,No,No,No,No,Yes
3,male,0,0,7.8958,26.0,2.0,No,No,No,No,No
3,male,0,0,7.7333,17.0,1.0,No,No,No,Yes,No
1,male,0,0,30.0,47.0,2.0,No,No,No,No,Yes
3,male,0,0,7.0542,51.0,2.0,No,No,No,No,No
1,male,0,0,30.5,32.0,2.0,No,Yes,No,No,Yes
1,male,0,0,0.0,29.0,,No,No,No,No,No
3,female,3,2,27.9,9.0,2.0,No,No,No,Yes,No
2,female,0,0,13.0,28.0,2.0,No,No,No,No,Yes
3,male,0,0,7.925,32.0,2.0,No,No,No,No,No
2,male,1,1,26.25,31.0,2.0,No,Yes,No,No,No
3,female,0,5,39.6875,41.0,2.0,Yes,No,No,No,No
3,male,1,0,16.1,36.0,2.0,No,No,No,No,No
3,male,0,0,7.8542,20.0,2.0,No,No,No,No,No
1,female,0,0,69.3,24.0,3.0,No,No,No,No,Yes
3,female,3,2,27.9,2.0,2.0,No,No,No,Yes,No
3,male,0,0,56.4958,32.0,2.0,No,No,No,No,Yes
3,female,2,1,19.2583,4.0,3.0,No,No,No,Yes,Yes
1,male,1,0,76.7292,48.0,3.0,No,No,No,No,Yes
3,male,0,0,7.8958,19.0,2.0,No,No,No,No,No
1,male,0,0,35.5,56.0,2.0,No,Yes,No,No,Yes
3,male,0,0,7.55,18.0,2.0,No,No,No,No,No
3,female,0,0,7.55,24.0,2.0,No,No,No,No,Yes
3,male,0,0,7.8958,23.0,2.0,No,No,No,No,No
2,female,0,1,23.0,19.0,2.0,No,No,No,No,Yes
3,male,0,0,8.4333,21.0,2.0,No,No,No,No,No
3,female,0,0,7.8292,16.0,1.0,No,No,No,Yes,Yes
3,female,0,0,6.75,18.0,1.0,No,No,No,No,No
2,male,2,0,73.5,24.0,2.0,No,No,No,No,No
3,male,0,0,7.8958,27.0,2.0,No,No,No,No,No
3,female,1,1,15.5,32.0,1.0,Yes,No,No,No,No
2,male,0,0,13.0,23.0,2.0,No,No,No,No,No
1,male,0,2,113.275,58.0,3.0,No,No,No,No,No
1,male,2,0,133.65,49.0,2.0,No,Yes,No,No,Yes
3,male,0,0,7.225,40.0,3.0,No,No,No,No,No
1,male,0,0,25.5875,37.0,2.0,No,Yes,No,No,No
3,male,0,0,7.4958,36.0,2.0,No,Yes,No,No,No
3,male,1,0,7.925,20.0,2.0,No,No,No,No,Yes
2,male,2,0,73.5,30.0,2.0,No,No,No,No,No
2,male,0,0,13.0,25.0,2.0,No,No,No,No,No
3,male,0,0,7.775,49.0,2.0,Yes,No,No,No,No
3,male,0,0,8.05,43.0,2.0,No,No,No,No,No
1,female,1,0,52.0,48.0,2.0,Yes,No,No,No,Yes
2,female,1,1,39.0,40.0,2.0,Yes,No,No,No,Yes
1,male,1,0,52.0,31.0,2.0,No,No,No,No,No
2,male,0,0,10.5,71.0,2.0,No,No,No,No,No
2,male,0,0,13.0,32.0,2.0,No,No,No,No,Yes
2,male,0,0,0.0,15.0,,No,No,No,Yes,No
3,male,0,0,7.775,18.0,2.0,No,No,No,No,No
3,male,0,0,8.05,33.0,2.0,No,No,No,No,No
3,female,0,0,9.8417,18.0,2.0,No,No,No,No,Yes
3,female,1,6,46.9,43.0,2.0,Yes,No,No,No,No
1,male,0,1,512.3292,36.0,3.0,No,Yes,No,No,Yes
3,female,0,0,8.1375,26.0,1.0,No,No,No,No,No
1,male,0,0,76.7292,27.0,3.0,No,Yes,No,No,Yes
3,male,0,0,9.225,20.0,2.0,No,No,No,No,No
3,male,5,2,46.9,14.0,2.0,No,No,No,Yes,No
2,male,1,1,39.0,60.0,2.0,No,No,No,No,No
2,male,1,2,41.5792,25.0,3.0,No,No,No,No,No
3,male,4,1,39.6875,15.0,2.0,No,No,No,Yes,No
3,male,0,0,10.1708,19.0,2.0,No,No,No,No,No
3,male,0,0,7.7958,18.0,2.0,No,No,No,No,No
1,female,0,1,211.3375,16.0,2.0,No,Yes,No,Yes,Yes
1,male,1,0,57.0,31.0,2.0,No,Yes,No,No,Yes
3,female,0,1,13.4167,4.0,2.0,No,No,No,Yes,Yes
3,male,0,0,56.4958,37.0,2.0,No,No,No,No,Yes
3,male,0,0,7.225,25.0,3.0,No,No,No,No,No
1,male,0,0,26.55,59.0,2.0,No,Yes,No,No,No
2,male,0,0,13.5,52.0,2.0,No,No,No,No,No
3,male,0,0,8.05,44.0,1.0,No,No,No,No,No
3,female,0,0,7.7333,19.0,1.0,No,No,No,No,Yes
1,male,1,1,110.8833,49.0,3.0,No,No,No,No,No
3,male,0,0,7.65,42.0,2.0,No,Yes,No,No,No
1,female,1,0,227.525,18.0,3.0,Yes,No,No,No,Yes
1,male,0,0,26.2875,35.0,2.0,No,No,No,No,Yes
3,female,0,1,14.4542,12.0,3.0,No,No,No,Yes,No
3,male,0,0,7.7417,29.0,1.0,No,No,No,No,No
3,male,1,0,7.8542,26.0,2.0,No,No,No,No,No
2,male,0,0,26.0,38.0,2.0,No,No,No,No,No
2,female,0,0,13.5,45.0,2.0,No,No,No,No,Yes
1,male,0,0,26.2875,42.0,2.0,No,No,No,No,Yes
1,female,0,0,151.55,22.0,2.0,No,No,No,No,Yes
3,male,1,1,15.2458,4.0,3.0,No,No,No,Yes,Yes
1,female,0,0,49.5042,24.0,3.0,No,No,No,No,Yes
1,male,0,0,26.55,45.0,2.0,No,No,No,No,No
1,male,1,0,52.0,48.0,2.0,No,No,No,No,Yes
3,male,0,0,9.4833,29.0,2.0,No,No,No,No,No
2,male,0,0,13.0,52.0,2.0,No,No,No,No,No
3,male,0,0,7.65,19.0,2.0,No,Yes,No,No,No
1,female,0,0,227.525,39.0,3.0,No,Yes,No,No,Yes
2,female,0,0,10.5,27.0,2.0,No,No,No,No,Yes
3,male,0,0,15.5,19.0,1.0,No,No,No,No,No
3,male,0,0,7.775,33.0,2.0,No,No,No,No,No
2,female,0,1,33.0,6.0,2.0,No,No,No,Yes,Yes
3,male,1,0,7.0542,17.0,2.0,No,No,No,Yes,No
2,male,0,0,13.0,34.0,2.0,No,No,No,No,No
2,male,0,0,13.0,50.0,2.0,No,No,No,No,No
1,male,1,0,53.1,27.0,2.0,No,No,No,No,Yes
3,male,0,0,8.6625,20.0,2.0,No,No,No,No,No
2,female,3,0,21.0,30.0,2.0,Yes,No,No,No,Yes
3,female,0,0,7.7375,28.0,1.0,No,No,No,No,Yes
2,male,1,0,26.0,25.0,2.0,No,No,No,No,No
3,female,1,0,7.925,25.0,2.0,No,No,No,No,No
1,female,0,0,211.3375,29.0,2.0,No,No,No,No,Yes
3,male,0,0,18.7875,11.0,3.0,No,No,No,Yes,No
2,male,0,0,0.0,39.0,,No,No,No,No,No
2,male,0,0,13.0,23.0,2.0,No,No,No,No,No
2,male,0,0,13.0,23.0,2.0,No,No,No,No,No
3,male,0,0,16.1,28.0,2.0,No,No,No,No,No
3,female,1,3,34.375,48.0,2.0,Yes,No,No,No,No
1,male,0,0,512.3292,35.0,3.0,No,No,No,No,Yes
3,male,0,0,7.8958,20.0,2.0,No,No,No,No,No
3,male,0,0,7.8958,32.0,2.0,No,No,No,No,No
1,male,0,0,30.0,45.0,2.0,No,No,No,No,Yes
1,male,1,0,78.85,36.0,2.0,No,No,No,No,No
1,female,2,2,262.375,21.0,3.0,No,No,No,No,Yes
3,male,1,0,16.1,27.0,2.0,No,No,No,No,No
3,male,0,0,7.925,31.0,2.0,No,No,No,No,Yes
1,male,1,1,71.0,70.0,2.0,No,Yes,No,No,No
3,male,1,1,20.25,16.0,2.0,No,No,No,Yes,No
2,female,0,0,13.0,30.0,2.0,No,No,No,No,Yes
1,male,1,0,53.1,18.0,2.0,No,No,No,No,No
3,male,0,0,7.75,31.0,1.0,No,No,No,No,No
2,female,1,1,23.0,4.0,2.0,No,No,No,Yes,Yes
3,male,0,1,12.475,7.0,2.0,No,No,No,Yes,Yes
3,male,0,0,9.5,35.0,2.0,No,No,No,No,No
3,male,0,0,7.8958,23.0,2.0,No,No,No,No,No
2,female,1,2,65.0,48.0,2.0,Yes,No,No,No,Yes
2,male,1,1,14.5,1.0,2.0,No,No,No,Yes,Yes
3,male,0,0,7.7958,24.0,2.0,No,No,No,No,No
2,male,0,0,11.5,18.0,2.0,No,Yes,No,No,No
3,male,0,0,8.05,34.0,2.0,No,No,No,No,No
1,female,0,0,86.5,34.0,2.0,No,No,Yes,No,Yes
3,male,0,0,14.5,21.0,2.0,No,No,No,No,No
3,male,0,0,7.125,41.0,2.0,No,No,No,No,No
3,male,0,0,7.2292,27.0,3.0,No,No,No,No,Yes
1,female,1,2,120.0,36.0,2.0,Yes,No,No,No,Yes
3,male,0,0,7.775,16.0,2.0,No,No,No,Yes,No
1,female,1,0,77.9583,51.0,3.0,Yes,Yes,No,No,Yes
1,male,0,0,39.6,45.0,3.0,No,Yes,No,No,No
3,female,0,0,7.75,32.0,1.0,No,No,No,No,No
3,male,1,0,24.15,27.0,1.0,No,No,No,No,No
3,male,0,0,8.3625,32.0,2.0,No,No,No,No,No
3,male,0,0,9.5,24.0,2.0,No,No,No,No,No
3,male,0,0,7.8542,48.0,2.0,No,No,No,No,No
2,female,0,0,10.5,57.0,2.0,Yes,No,No,No,No
3,male,0,0,7.225,29.0,3.0,No,No,No,No,No
2,female,1,3,23.0,54.0,2.0,Yes,No,No,No,Yes
3,male,0,0,7.75,18.0,2.0,No,No,No,No,No
3,male,0,0,7.75,20.0,1.0,No,No,No,No,No
3,female,0,0,12.475,6.0,2.0,No,No,No,Yes,Yes
3,male,0,0,7.7375,22.0,1.0,No,No,No,No,No
1,female,0,1,211.3375,43.0,2.0,Yes,No,No,No,Yes
3,female,0,0,7.2292,15.0,3.0,No,No,No,Yes,Yes
1,female,1,0,57.0,17.0,2.0,Yes,No,No,Yes,Yes
1,male,0,0,30.0,29.0,2.0,No,No,No,No,No
3,male,1,2,23.45,35.0,2.0,No,Yes,No,No,No
3,male,0,0,7.05,25.0,2.0,No,No,No,No,No
3,male,0,0,7.25,25.0,2.0,No,No,No,No,No
3,female,0,0,7.4958,18.0,2.0,No,No,No,No,Yes
3,male,4,1,29.125,8.0,1.0,No,No,No,Yes,No
3,male,1,2,20.575,1.0,2.0,No,No,No,Yes,Yes
1,male,0,0,79.2,46.0,3.0,No,No,No,No,No
3,male,0,0,7.75,23.0,1.0,No,Yes,No,No,No
2,male,0,0,26.0,18.0,2.0,No,No,No,No,No
3,female,8,2,69.55,20.0,2.0,No,No,No,No,No
1,male,0,0,30.6958,42.0,3.0,No,No,No,No,No
3,male,0,0,7.8958,25.0,2.0,No,No,No,No,No
2,male,0,0,13.0,39.0,2.0,No,No,No,No,No
1,female,0,0,25.9292,49.0,2.0,No,Yes,No,No,Yes
3,female,0,0,8.6833,31.0,2.0,Yes,No,No,No,Yes
3,male,0,0,7.2292,33.0,3.0,No,No,No,No,No
3,female,1,1,24.15,30.0,2.0,Yes,No,No,No,No
2,male,0,0,13.0,34.0,2.0,No,No,No,No,No
2,female,1,1,26.25,31.0,2.0,Yes,Yes,No,No,Yes
1,male,1,2,120.0,11.0,2.0,No,No,No,Yes,Yes
3,male,0,1,8.5167,0.42,3.0,No,No,No,Yes,Yes
3,male,0,0,6.975,27.0,2.0,No,No,No,No,Yes
3,male,0,0,7.775,31.0,2.0,No,No,No,No,No
1,male,0,0,0.0,39.0,,No,Yes,No,No,No
3,female,0,0,7.775,18.0,2.0,No,No,No,No,No
2,male,0,0,13.0,31.0,2.0,No,No,No,No,No
1,female,1,0,53.1,32.0,2.0,Yes,No,No,No,Yes
3,male,0,0,7.8875,23.0,2.0,No,No,No,No,No
3,male,0,0,24.15,39.0,2.0,No,No,No,No,No
2,male,0,0,10.5,35.0,2.0,No,No,No,No,No
3,female,4,2,31.275,6.0,2.0,No,No,No,Yes,No
3,male,0,0,8.05,22.0,2.0,No,No,No,No,No
1,male,0,0,0.0,39.0,2.0,No,No,No,No,No
3,female,0,0,7.925,23.0,2.0,No,No,No,No,No
2,male,1,1,37.0042,31.0,3.0,No,No,No,No,No
3,male,0,0,6.45,43.0,2.0,No,Yes,No,No,No
3,male,3,2,27.9,11.0,2.0,No,No,No,Yes,No
1,female,1,1,93.5,52.0,2.0,Yes,No,No,No,Yes
3,male,0,0,8.6625,29.0,2.0,No,No,No,No,Yes
1,male,0,0,0.0,38.0,2.0,No,No,No,No,No
3,female,0,1,12.475,29.0,2.0,Yes,No,No,No,Yes
3,male,4,1,39.6875,2.0,2.0,No,No,No,Yes,No
3,male,0,0,6.95,42.0,1.0,No,No,No,No,No
3,male,0,0,56.4958,23.0,2.0,No,No,No,No,No
2,male,0,2,37.0042,1.0,3.0,No,Yes,No,Yes,Yes
3,male,0,0,7.75,19.0,1.0,No,No,No,No,Yes
1,female,0,0,80.0,62.0,2.0,Yes,No,No,No,Yes
3,female,1,0,14.4542,15.0,3.0,Yes,No,No,Yes,Yes
2,male,1,1,18.75,0.75,2.0,No,No,No,Yes,Yes
3,male,0,0,7.2292,30.0,3.0,No,No,No,No,No
3,male,0,0,7.8542,23.0,2.0,No,No,No,No,No
3,male,0,0,8.3,15.0,2.0,No,No,No,Yes,No
1,female,1,1,83.1583,39.0,3.0,No,No,No,No,Yes
3,male,0,0,8.6625,21.0,2.0,No,No,No,No,No
3,male,0,0,8.05,20.0,2.0,No,No,Yes,No,No
3,male,0,0,56.4958,32.0,2.0,No,No,No,No,Yes
1,male,0,0,29.7,28.0,3.0,No,No,No,No,Yes
3,male,0,0,7.925,19.0,2.0,No,No,No,No,No
2,male,0,0,10.5,16.0,2.0,No,No,No,Yes,No
1,female,0,0,31.0,30.0,2.0,No,No,No,No,Yes
3,male,0,0,6.4375,30.0,3.0,No,No,No,No,No
3,male,0,0,8.6625,17.0,2.0,No,No,No,Yes,No
3,male,0,0,7.55,40.0,2.0,No,No,No,No,No
3,male,8,2,69.55,18.0,2.0,No,No,No,No,No
3,male,0,0,7.8958,35.0,2.0,No,No,No,No,No
2,male,0,1,33.0,39.0,2.0,No,Yes,No,No,No
1,female,1,0,89.1042,40.0,3.0,Yes,No,No,No,Yes
3,male,4,2,31.275,4.0,2.0,No,No,No,Yes,No
3,male,0,0,7.775,74.0,2.0,No,No,No,No,No
3,female,1,1,15.2458,7.0,3.0,No,No,No,Yes,No
1,female,0,1,39.4,16.0,3.0,No,No,No,Yes,Yes
2,female,1,0,26.0,45.0,2.0,Yes,No,No,No,No
3,female,0,1,9.35,18.0,2.0,Yes,No,No,No,Yes
1,female,1,1,164.8667,45.0,2.0,Yes,No,No,No,Yes
1,male,0,0,26.55,51.0,2.0,No,No,No,No,Yes
3,female,0,3,19.2583,24.0,3.0,Yes,No,No,No,Yes
3,male,0,0,7.2292,30.0,3.0,No,No,No,No,No
3,male,2,0,14.1083,41.0,2.0,No,No,No,No,No
2,male,1,0,11.5,20.0,2.0,No,No,No,No,No
1,female,0,0,25.9292,46.0,2.0,Yes,No,No,No,Yes
3,female,8,2,69.55,14.0,2.0,No,No,No,Yes,No
2,male,0,0,13.0,24.0,2.0,No,No,No,No,No
2,female,0,0,13.0,42.0,2.0,No,No,No,No,Yes
2,female,1,0,13.8583,27.0,3.0,No,No,No,No,Yes
1,male,0,0,50.4958,31.0,2.0,No,No,No,No,No
3,male,0,0,9.5,23.0,2.0,No,No,No,No,No
3,male,1,1,11.1333,4.0,2.0,No,No,No,Yes,Yes
3,male,0,0,7.8958,26.0,2.0,No,No,No,No,No
1,female,1,1,52.5542,46.0,2.0,Yes,No,No,No,Yes
1,male,0,0,5.0,33.0,2.0,No,No,No,No,No
3,male,0,0,9.0,46.0,2.0,No,No,No,No,No
2,female,1,0,24.0,28.0,3.0,Yes,No,No,No,Yes
3,female,0,0,7.225,15.0,3.0,No,No,No,Yes,Yes
3,male,0,0,9.8458,19.0,2.0,No,No,No,No,No
3,male,0,0,7.8958,19.0,2.0,No,No,No,No,No
3,male,0,0,7.8958,23.0,2.0,No,No,No,No,No
1,female,0,1,83.1583,56.0,3.0,Yes,No,No,No,Yes
2,female,0,1,26.0,25.0,2.0,Yes,No,No,No,Yes
3,male,0,0,7.8958,33.0,3.0,No,No,No,No,No
3,female,0,0,10.5167,22.0,2.0,No,No,No,No,No
2,male,0,0,10.5,28.0,2.0,No,No,No,No,No
3,male,0,0,7.05,25.0,2.0,No,No,No,No,No
3,female,0,5,29.125,39.0,1.0,Yes,No,No,No,No
2,male,0,0,13.0,27.0,2.0,No,Yes,No,No,No
1,female,0,0,30.0,19.0,2.0,No,No,No,No,Yes
3,female,1,2,23.45,7.0,2.0,No,No,No,Yes,No
1,male,0,0,30.0,26.0,3.0,No,No,No,No,Yes
3,male,0,0,7.75,43.0,1.0,No,No,No,No,No
3,male,0,0,7.8292,19.0,2.0,No,No,No,No,No
3,female,1,0,7.0,47.0,2.0,Yes,No,No,No,Yes
2,male,0,0,9.6875,63.0,1.0,No,No,No,No,No
3,male,0,0,8.6625,27.0,2.0,No,No,No,No,No
3,female,1,1,12.2875,22.0,2.0,Yes,No,No,No,Yes
3,male,0,0,9.225,14.0,2.0,No,No,No,Yes,Yes
3,female,0,0,7.6292,35.0,1.0,No,No,No,No,No
2,male,1,1,29.0,26.0,2.0,No,No,No,No,Yes
3,female,0,0,7.2292,18.0,3.0,Yes,No,No,No,Yes
3,male,2,0,24.15,21.0,2.0,No,No,No,No,No
3,male,0,0,7.8958,32.0,2.0,No,No,No,No,No
1,male,0,0,26.0,46.0,2.0,No,No,No,No,No
1,female,1,0,82.2667,23.0,2.0,Yes,No,No,No,Yes
2,male,1,0,26.0,63.0,2.0,No,No,No,No,No
1,female,1,0,61.175,47.0,2.0,Yes,No,No,No,Yes
2,female,1,0,27.7208,24.0,3.0,Yes,No,No,No,No
2,male,0,0,12.35,35.0,1.0,No,No,No,No,No
3,male,0,0,7.225,21.0,3.0,No,No,No,No,No
3,female,1,0,7.925,27.0,2.0,No,No,No,No,No
3,female,0,0,7.225,45.0,3.0,Yes,No,No,No,Yes
1,male,1,0,59.4,46.0,3.0,No,No,No,No,No
3,male,0,1,3.1708,9.0,2.0,No,No,No,Yes,Yes
1,female,0,0,31.6833,48.0,3.0,Yes,No,No,No,Yes
1,male,0,1,61.3792,21.0,3.0,No,No,No,No,Yes
1,female,1,3,262.375,48.0,3.0,Yes,No,No,No,No
3,male,1,0,14.5,50.0,2.0,No,No,No,No,No
1,female,0,1,61.9792,22.0,2.0,No,No,No,No,Yes
3,male,0,0,7.225,19.0,3.0,No,No,No,No,No
1,male,0,0,30.5,41.0,2.0,No,No,No,No,No
3,male,2,0,21.6792,17.0,3.0,No,No,No,Yes,No
2,male,1,0,26.0,50.0,2.0,No,No,No,No,No
2,male,2,0,31.5,24.0,2.0,No,No,No,No,No
3,female,1,2,20.575,32.0,2.0,Yes,No,No,No,Yes
3,female,1,2,23.45,34.0,2.0,Yes,No,No,No,No
1,male,1,0,57.75,30.0,3.0,No,No,No,No,Yes
3,male,0,0,7.2292,19.0,3.0,No,No,No,No,No
3,female,0,0,8.05,26.0,2.0,No,No,No,No,Yes
3,female,0,0,8.6625,21.0,2.0,No,No,No,No,No
3,male,0,0,9.5,21.0,2.0,No,No,No,No,Yes
3,male,0,0,56.4958,28.0,2.0,No,No,No,No,No
3,male,0,1,13.4167,39.0,2.0,No,No,No,No,Yes
1,male,0,0,26.55,37.0,2.0,No,No,No,No,No
3,male,0,0,7.85,41.0,2.0,No,No,No,No,No
2,female,0,0,13.0,30.0,2.0,Yes,Yes,No,No,No
1,female,1,0,52.5542,45.0,2.0,Yes,No,No,No,Yes
3,male,0,0,7.925,25.0,2.0,No,No,No,No,No
1,male,0,0,29.7,45.0,3.0,No,No,No,No,Yes
3,male,0,0,7.75,24.0,1.0,No,No,No,No,No
1,female,0,0,76.2917,59.0,3.0,Yes,No,No,No,Yes
3,female,0,2,15.9,36.0,2.0,Yes,No,No,No,Yes
1,male,1,0,60.0,24.0,3.0,No,No,No,No,No
2,male,0,0,15.0333,27.0,2.0,No,No,No,No,No
2,female,2,1,23.0,20.0,2.0,No,No,No,No,Yes
1,female,3,2,263.0,28.0,2.0,No,No,No,No,Yes
2,male,0,0,15.5792,30.0,3.0,No,No,No,No,No
3,male,4,1,29.125,10.0,1.0,No,No,No,Yes,No
3,male,0,0,7.8958,35.0,2.0,No,No,No,No,No
3,male,0,0,7.65,25.0,2.0,No,No,No,No,Yes
3,male,1,0,16.1,32.0,2.0,No,No,No,No,No
1,female,0,0,262.375,36.0,3.0,No,No,No,No,Yes
3,male,0,0,7.8958,17.0,2.0,No,No,No,Yes,No
2,male,0,0,13.5,32.0,2.0,No,No,Yes,No,No
3,male,0,0,7.75,18.0,2.0,No,No,No,No,No
3,female,0,0,7.725,22.0,1.0,No,No,No,No,Yes
1,male,2,2,262.375,13.0,3.0,No,No,No,Yes,Yes
2,female,0,0,21.0,30.0,2.0,Yes,No,No,No,No
3,female,0,0,7.8792,17.0,1.0,No,No,No,Yes,No
1,male,0,0,42.4,47.0,2.0,No,No,No,No,No
1,male,0,0,28.5375,31.0,3.0,No,No,No,No,Yes
1,female,1,4,263.0,60.0,2.0,Yes,No,No,No,Yes
3,female,0,0,7.75,25.0,1.0,No,No,No,No,Yes
3,male,0,0,7.8958,21.0,2.0,No,No,No,No,No
3,female,0,0,7.925,29.0,2.0,No,No,No,No,No
1,male,0,0,27.7208,36.0,3.0,No,Yes,No,No,No
1,female,0,0,211.5,35.0,2.0,No,No,No,No,Yes
1,male,0,0,211.5,33.0,2.0,No,No,No,No,No
3,male,0,0,8.05,23.0,2.0,No,No,No,No,No
1,female,2,0,25.7,55.0,2.0,Yes,No,No,No,Yes
2,male,0,0,13.0,30.0,2.0,No,No,No,No,No
3,female,0,0,7.75,24.0,1.0,No,No,No,No,No
3,male,1,1,15.2458,9.0,3.0,No,No,No,Yes,No
1,male,1,0,221.7792,67.0,2.0,No,No,No,No,No
1,male,0,0,26.0,49.0,2.0,No,No,No,No,No
3,male,0,0,7.8958,23.0,2.0,No,No,No,No,No
2,male,0,0,10.7083,30.0,1.0,No,No,No,No,No
3,male,1,0,14.4542,25.0,3.0,No,No,No,No,No
3,female,0,0,7.8792,26.0,1.0,No,No,No,No,No
3,female,0,0,8.05,18.0,2.0,No,No,No,No,Yes
3,female,0,0,7.75,21.0,1.0,No,No,Yes,No,No
2,male,1,1,23.0,2.0,2.0,No,No,No,Yes,Yes
3,female,1,0,13.9,22.0,2.0,Yes,No,No,No,Yes
3,male,0,0,7.775,28.0,2.0,No,No,No,No,No
1,female,1,2,52.0,27.0,2.0,Yes,No,No,No,Yes
3,male,0,0,8.05,32.0,2.0,No,No,No,No,No
1,male,0,0,26.0,24.0,3.0,No,No,No,No,No
3,male,0,0,7.7958,25.0,2.0,No,No,No,No,Yes
1,female,1,0,78.85,25.0,2.0,Yes,No,No,No,Yes
3,male,0,0,7.925,29.0,2.0,No,No,No,No,No
3,female,0,0,7.8542,20.0,2.0,No,No,No,No,No
3,male,0,0,8.05,33.0,2.0,No,No,No,No,No
1,female,1,0,55.4417,44.0,3.0,Yes,No,No,No,Yes
2,male,1,0,26.0,28.0,2.0,No,No,No,No,No
3,male,0,0,7.75,20.0,1.0,No,No,No,No,No
3,male,0,0,7.775,26.0,2.0,No,No,No,No,Yes
3,female,1,1,8.5167,16.0,3.0,Yes,No,No,Yes,Yes
3,male,0,0,22.525,28.0,2.0,No,No,No,No,No
3,male,0,0,7.8208,21.0,1.0,No,No,No,No,Yes
3,male,0,0,7.75,24.0,1.0,No,No,No,No,Yes
3,male,0,0,8.7125,37.0,3.0,No,No,No,No,No
2,male,0,0,13.0,19.0,2.0,No,No,No,No,No
2,male,0,0,15.0458,42.0,2.0,No,No,No,No,No
3,female,0,0,7.7792,20.0,1.0,No,No,No,No,Yes
1,female,0,0,31.6792,36.0,3.0,No,No,No,No,No
3,female,0,0,7.2833,22.0,1.0,No,No,No,No,No
1,female,1,0,221.7792,63.0,2.0,Yes,No,No,No,No
3,male,1,0,14.4542,18.0,3.0,No,No,No,No,No
3,male,0,0,6.4375,34.0,3.0,No,No,No,No,No
3,female,1,1,16.7,1.0,2.0,No,No,No,Yes,Yes
1,male,0,0,75.2417,36.0,2.0,No,No,No,No,No
2,female,1,0,26.0,28.0,2.0,Yes,No,No,No,No
2,female,0,0,15.75,12.0,2.0,No,No,No,Yes,Yes
3,male,1,0,7.75,24.0,1.0,No,No,No,No,No
1,female,1,0,57.75,35.0,2.0,Yes,No,No,No,Yes
3,male,0,0,7.25,28.0,2.0,No,No,No,No,No
3,male,0,0,7.75,24.0,1.0,No,No,No,No,Yes
3,female,0,1,16.1,16.0,2.0,No,No,No,Yes,Yes
3,male,0,0,7.7958,22.0,2.0,No,No,No,No,No
3,female,2,0,23.25,26.0,1.0,No,No,No,No,Yes
2,male,0,0,13.0,42.0,2.0,No,No,No,No,No
3,male,0,0,8.05,32.0,2.0,No,No,No,No,No
1,male,0,0,28.5,53.0,2.0,No,Yes,No,No,Yes
3,female,0,4,25.4667,40.0,2.0,Yes,No,No,No,No
3,male,1,0,6.4375,31.0,3.0,No,No,No,No,No
3,male,0,0,7.8958,43.0,2.0,No,No,No,No,No
3,male,0,0,7.8542,24.0,2.0,No,No,No,No,No
3,male,0,0,7.225,22.0,3.0,No,No,No,No,No
2,male,0,0,13.0,26.0,2.0,No,No,No,No,No
3,female,0,0,8.05,24.0,2.0,No,Yes,No,No,Yes
3,male,1,6,46.9,42.0,2.0,No,No,No,No,No
3,female,5,2,46.9,12.0,2.0,No,No,No,Yes,No
1,female,0,0,151.55,33.0,2.0,No,No,No,No,Yes
1,male,1,3,262.375,61.0,3.0,No,No,No,No,No
2,male,0,0,26.0,28.0,2.0,No,No,No,No,No
1,male,0,0,26.55,42.0,2.0,No,No,No,No,No
3,male,3,0,18.0,31.0,2.0,No,No,No,No,No
1,male,0,0,51.8625,44.0,2.0,No,No,No,No,No
3,male,0,0,8.05,22.0,2.0,No,No,No,No,No
1,male,0,0,26.55,59.0,2.0,No,No,No,No,No
2,male,1,1,26.0,35.0,2.0,No,Yes,No,No,No
3,male,0,0,7.8958,30.0,3.0,No,Yes,No,No,No
3,male,0,0,14.4542,51.0,2.0,No,No,No,No,No
3,female,0,2,12.1833,36.0,2.0,Yes,No,No,No,No
3,male,4,2,31.3875,13.0,2.0,No,No,No,Yes,No
3,male,0,0,7.55,19.0,2.0,No,No,No,No,Yes
1,female,0,0,221.7792,31.0,2.0,No,No,No,No,Yes
1,male,0,0,26.55,42.0,2.0,No,No,No,No,No
3,female,0,2,13.775,26.0,2.0,Yes,No,No,No,No
3,female,0,0,7.7333,17.0,1.0,No,No,No,Yes,Yes
3,male,1,1,15.2458,8.0,3.0,No,No,No,Yes,Yes
2,female,0,0,13.5,26.0,2.0,No,No,No,No,Yes
3,male,0,0,7.0,32.0,2.0,No,No,No,No,No
2,male,0,0,13.0,28.0,2.0,No,Yes,No,No,No
3,female,1,1,22.025,26.0,2.0,Yes,No,No,No,Yes
1,male,0,0,50.4958,48.0,3.0,No,No,No,No,No
3,male,2,2,34.375,18.0,2.0,No,No,No,No,No
1,female,0,0,27.7208,36.0,3.0,Yes,No,No,No,Yes
3,female,0,0,8.9625,22.0,2.0,No,No,No,No,Yes
3,male,0,0,7.55,26.0,2.0,No,No,No,No,No
3,male,0,0,7.225,27.0,3.0,No,No,No,No,No
3,male,1,0,13.9,23.0,2.0,No,Yes,No,No,No
3,male,0,0,7.2292,20.0,3.0,No,No,No,No,No
3,male,1,5,31.3875,40.0,2.0,No,No,No,No,No
2,female,0,2,39.0,15.0,2.0,No,No,No,Yes,Yes
2,female,0,0,36.75,20.0,2.0,No,No,No,No,Yes
1,male,1,0,55.4417,54.0,3.0,No,No,No,No,Yes
2,female,0,3,39.0,35.0,2.0,Yes,No,No,No,Yes
1,female,0,2,83.1583,64.0,3.0,Yes,No,No,No,Yes
2,male,0,0,13.0,32.0,2.0,No,No,No,No,No
1,male,1,1,83.1583,37.0,3.0,No,No,No,No,No
1,female,1,0,53.1,18.0,2.0,Yes,No,No,No,Yes
3,male,0,0,7.75,16.0,1.0,No,No,No,Yes,No
1,female,1,1,247.5208,27.0,3.0,Yes,No,No,No,Yes
2,male,0,0,16.0,36.0,2.0,No,No,No,No,No
2,female,0,1,21.0,21.0,2.0,No,No,No,No,Yes
3,male,2,0,8.05,17.0,2.0,No,No,No,Yes,No
3,female,8,2,69.55,10.0,2.0,No,No,No,Yes,No
2,male,0,0,13.0,40.0,2.0,No,No,No,No,No
2,male,1,0,26.0,32.0,2.0,No,No,No,No,No
1,male,0,0,26.0,43.0,3.0,No,Yes,No,No,Yes
3,male,1,1,14.5,9.0,2.0,No,No,No,Yes,No
2,male,0,0,12.35,61.0,2.0,No,No,No,No,No
2,male,0,2,32.5,8.0,2.0,No,Yes,No,Yes,Yes
3,male,0,0,7.8542,33.0,2.0,No,No,No,No,No
1,male,0,2,134.5,6.0,3.0,No,No,No,Yes,Yes
3,female,0,0,7.775,18.0,2.0,No,No,No,No,Yes
2,male,0,0,10.5,23.0,2.0,No,No,No,No,No
3,female,0,0,8.1125,62.0,2.0,Yes,No,No,No,No
3,female,0,0,15.5,34.0,1.0,No,No,No,No,Yes
3,male,0,2,14.4,0.33,2.0,No,No,No,Yes,No
1,male,1,0,227.525,47.0,3.0,No,Yes,No,No,No
2,female,1,1,26.0,8.0,2.0,No,No,No,Yes,Yes
2,male,0,0,10.5,30.0,2.0,No,Yes,No,No,No
1,male,0,0,25.7417,29.0,3.0,No,No,No,No,Yes
3,female,0,0,7.75,42.0,1.0,No,No,No,No,No
2,male,0,0,10.5,25.0,2.0,No,Yes,No,No,Yes
1,female,0,0,27.7208,34.0,3.0,No,No,No,No,Yes
3,male,0,0,22.525,33.0,2.0,No,No,No,No,No
3,male,0,0,7.05,34.0,2.0,No,No,No,No,Yes
2,male,0,0,73.5,20.0,2.0,No,No,No,No,No
2,female,1,0,26.0,60.0,2.0,Yes,No,No,No,No
3,female,4,2,7.775,38.0,2.0,No,No,No,No,No
1,male,0,0,42.5,42.0,2.0,No,No,No,No,No
3,female,0,0,7.8792,20.0,1.0,No,No,No,No,No
1,male,1,1,164.8667,58.0,2.0,No,Yes,No,No,No
1,female,1,1,211.5,50.0,2.0,Yes,No,No,No,Yes
3,male,0,0,8.05,36.0,2.0,No,No,No,No,No
2,female,1,0,13.8583,30.0,3.0,No,No,No,No,Yes
3,male,0,0,8.05,21.0,2.0,No,No,No,No,No
2,female,0,0,10.5,22.0,2.0,Yes,No,No,No,Yes
3,male,0,0,7.7958,21.0,2.0,No,No,No,No,Yes
1,female,0,0,27.4458,53.0,3.0,Yes,No,No,No,Yes
3,female,0,2,15.2458,24.0,3.0,Yes,No,No,No,Yes
3,male,0,0,7.7958,23.0,2.0,No,No,No,No,Yes
3,female,0,0,7.75,27.0,1.0,No,No,No,No,No
3,male,0,0,15.1,39.0,2.0,No,No,No,No,No
2,male,0,0,13.0,36.0,2.0,No,No,No,No,No
2,male,0,0,65.0,14.0,2.0,No,No,No,Yes,No
1,female,0,0,26.55,21.0,2.0,No,No,No,No,Yes
3,male,1,0,6.4958,21.0,2.0,No,No,No,No,No
3,male,0,0,7.8792,21.0,1.0,No,No,No,No,No
1,male,1,0,71.2833,39.0,3.0,No,No,No,No,No
3,male,0,0,7.8542,29.0,2.0,No,No,No,No,No
1,male,1,0,75.25,63.0,3.0,No,No,No,No,No
3,male,0,0,7.225,20.0,3.0,No,No,No,No,No
2,female,1,1,13.0,18.0,2.0,No,No,No,No,No
1,female,1,0,106.425,48.0,3.0,Yes,No,No,No,Yes
1,female,0,0,27.7208,55.0,3.0,Yes,No,No,No,Yes
2,female,0,2,30.0,45.0,2.0,Yes,No,No,No,Yes
1,male,1,1,134.5,45.0,3.0,No,No,No,No,Yes
3,male,0,0,7.8875,34.0,2.0,No,No,No,No,Yes
3,male,1,2,23.45,8.0,2.0,No,Yes,No,Yes,No
1,male,1,0,51.8625,41.0,2.0,No,No,No,No,No
2,female,0,0,21.0,28.0,2.0,Yes,No,No,No,No
2,male,1,1,32.5,42.0,2.0,No,Yes,No,No,No
2,female,1,0,26.0,29.0,2.0,Yes,No,No,No,Yes
3,female,1,0,14.4542,20.0,3.0,Yes,No,No,No,No
2,female,1,2,27.75,0.83,2.0,No,No,No,Yes,Yes
3,male,0,0,7.925,20.0,2.0,No,No,No,No,Yes
1,male,1,0,136.7792,27.0,3.0,No,No,No,No,No
3,male,0,0,9.325,24.0,2.0,No,No,No,No,No
3,male,0,0,9.5,27.0,2.0,No,No,No,No,No
3,male,0,0,7.55,20.0,2.0,No,No,No,No,No
3,male,0,0,7.75,22.0,1.0,No,No,No,No,No
3,male,0,0,8.05,28.0,2.0,No,No,No,No,No
2,female,0,0,13.0,19.0,2.0,No,No,No,No,Yes
3,male,0,0,7.775,21.0,2.0,No,No,No,No,Yes
3,male,1,0,17.4,36.0,2.0,No,No,No,No,Yes
3,male,0,0,7.8542,21.0,2.0,No,No,No,No,No
2,female,0,2,23.0,29.0,2.0,Yes,Yes,No,No,Yes
3,female,1,1,12.1833,1.0,2.0,No,No,No,Yes,No
2,male,0,0,12.7375,34.0,2.0,No,No,No,No,Yes
3,male,0,0,7.8958,44.0,2.0,No,No,No,No,No
1,male,0,0,0.0,40.0,,No,No,No,No,No
3,male,0,0,7.55,30.0,2.0,No,No,No,No,No
3,female,0,0,8.05,27.0,2.0,No,No,No,No,Yes
3,male,0,0,8.6625,17.0,2.0,No,No,No,Yes,No
1,male,0,0,75.2417,46.0,2.0,No,No,No,No,No
3,male,0,0,7.75,28.0,1.0,No,No,No,No,No
1,female,1,0,136.7792,26.0,3.0,Yes,No,No,No,Yes
3,female,1,0,15.5,18.0,1.0,No,No,No,No,No
3,male,0,0,7.225,20.0,3.0,No,No,No,No,No
2,female,1,0,26.0,20.0,2.0,No,No,No,No,Yes
2,male,0,0,10.5,28.0,2.0,No,No,No,No,No
2,male,1,0,26.0,40.0,2.0,No,No,No,No,No
2,male,1,0,21.0,45.0,2.0,No,No,No,No,No
2,male,0,0,10.5,22.0,2.0,No,No,No,No,Yes
3,female,0,0,8.6625,23.0,2.0,No,No,No,No,No
3,male,1,1,13.775,0.58,2.0,No,No,No,Yes,No
3,female,0,0,7.75,22.0,1.0,No,No,No,No,No
3,female,1,1,15.2458,9.0,3.0,No,No,No,Yes,Yes
3,female,1,1,20.2125,2.0,2.0,No,No,No,Yes,No
3,male,0,0,7.25,26.0,2.0,No,No,No,No,No
3,male,0,0,7.25,38.0,3.0,No,No,Yes,No,No
1,male,1,0,82.2667,24.0,2.0,No,No,No,No,Yes
3,male,0,0,7.2292,25.0,3.0,No,No,No,No,No
3,male,0,0,8.05,22.0,2.0,No,No,No,No,No
1,male,0,0,39.6,36.0,2.0,No,No,No,No,Yes
3,female,0,0,6.95,30.0,1.0,No,No,No,No,Yes
3,male,0,0,7.2292,20.0,3.0,No,No,No,No,No
1,male,1,1,81.8583,52.0,2.0,No,Yes,No,No,Yes
3,male,0,0,9.5,36.0,2.0,No,No,No,No,No
3,male,0,0,7.8958,26.0,2.0,No,No,No,No,No
2,female,1,2,41.5792,1.0,3.0,No,No,No,Yes,Yes
3,male,2,0,21.6792,40.0,3.0,No,No,No,No,No
1,male,0,0,45.5,30.0,2.0,No,No,No,No,No
3,male,0,0,7.8542,29.0,2.0,No,No,No,No,No
3,male,0,0,7.775,32.0,2.0,No,No,No,No,Yes
2,male,0,0,15.0458,25.0,3.0,No,No,No,No,No
2,male,0,1,21.0,42.0,2.0,No,No,No,No,No
3,male,0,0,8.6625,24.0,2.0,No,No,No,No,No
3,female,0,0,7.75,24.0,1.0,No,No,No,No,Yes
1,female,1,1,26.55,64.0,2.0,Yes,No,No,No,Yes
1,male,1,2,151.55,30.0,2.0,No,No,No,No,No
3,male,0,1,9.35,0.83,2.0,No,No,No,Yes,Yes
1,male,1,1,93.5,55.0,2.0,No,No,No,No,No
3,female,1,0,14.1083,45.0,2.0,Yes,No,No,No,Yes
3,male,0,0,8.6625,18.0,2.0,No,No,No,No,No
3,male,0,0,7.575,17.0,2.0,No,No,No,Yes,No
3,female,0,0,7.75,47.0,1.0,No,No,No,No,No
1,female,0,0,135.6333,55.0,3.0,Yes,No,No,No,Yes
3,female,0,0,7.7333,17.0,1.0,No,No,Yes,Yes,No
1,male,1,0,146.5208,57.0,3.0,No,No,No,No,No
2,male,0,0,10.5,18.0,2.0,No,No,No,No,No
3,male,0,0,7.8542,27.0,2.0,No,No,No,No,No
2,male,2,0,31.5,22.0,2.0,No,No,No,No,No
3,male,0,0,7.775,26.0,2.0,No,No,No,No,No
3,male,0,0,7.2292,25.0,3.0,No,No,No,No,Yes
2,male,0,0,13.0,26.0,2.0,No,No,No,No,No
1,male,0,0,26.55,59.0,2.0,No,No,No,No,No
1,female,0,0,211.3375,29.0,2.0,No,No,No,No,Yes
3,male,0,0,7.05,23.0,2.0,No,No,No,No,No
2,female,2,1,39.0,12.0,2.0,No,No,No,Yes,Yes
1,male,0,0,79.2,46.0,3.0,No,No,No,No,No
2,male,1,0,26.0,29.0,2.0,No,No,No,No,No
2,female,0,2,36.75,48.0,2.0,Yes,No,No,No,Yes
1,male,0,0,29.7,39.0,3.0,No,No,No,No,No
3,male,0,0,7.225,16.0,3.0,No,No,No,Yes,No
3,female,1,1,15.7417,19.0,3.0,No,No,No,No,Yes
3,male,0,0,7.8958,27.0,2.0,No,No,No,No,No
1,male,0,0,26.0,30.0,2.0,No,No,No,No,No
2,male,0,0,13.0,32.0,2.0,No,No,No,No,No
2,male,0,0,31.5,25.0,2.0,No,No,No,No,No
3,male,0,0,7.2292,10.0,3.0,No,No,No,Yes,No
2,male,0,0,10.5,18.0,2.0,No,No,No,No,No
3,male,0,0,7.5792,32.0,2.0,No,No,No,No,Yes
3,male,1,9,69.55,44.0,2.0,No,No,No,No,No
1,female,0,1,512.3292,58.0,3.0,Yes,Yes,No,No,Yes
3,male,1,1,14.5,10.0,2.0,No,No,No,Yes,No
3,female,0,0,7.65,16.0,2.0,No,No,No,Yes,Yes
2,male,0,0,13.0,25.0,2.0,No,No,No,No,No
3,female,0,0,7.2292,22.0,3.0,Yes,No,No,No,Yes
2,male,0,0,13.5,25.0,2.0,No,No,No,No,No
2,female,0,0,21.0,36.0,2.0,No,No,No,No,Yes
1,female,0,1,63.3583,45.0,3.0,Yes,No,No,No,Yes
2,male,0,0,10.5,25.0,2.0,No,No,No,No,No
2,male,0,0,73.5,18.0,2.0,No,No,No,No,No
2,male,1,2,65.0,49.0,2.0,No,No,No,No,No
3,female,1,2,20.575,0.17,2.0,No,No,No,Yes,Yes
1,male,0,0,26.0,50.0,2.0,No,No,No,No,No
1,female,2,0,51.4792,59.0,2.0,Yes,No,No,No,Yes
3,male,0,0,7.8792,21.0,2.0,No,No,No,No,No
3,male,0,0,7.75,22.0,1.0,No,No,No,No,Yes
3,female,1,0,15.55,30.0,2.0,Yes,No,No,No,No
3,male,8,2,69.55,13.0,2.0,No,No,No,Yes,No
2,female,1,1,37.0042,24.0,3.0,Yes,No,No,No,Yes
2,female,0,0,21.0,31.0,2.0,Yes,No,No,No,Yes
3,male,0,0,8.6625,27.0,2.0,No,No,No,No,No
1,female,1,0,55.4417,21.0,3.0,Yes,No,No,No,Yes
3,female,1,9,69.55,44.0,2.0,Yes,No,No,No,No
3,male,1,0,14.4583,28.0,3.0,No,No,No,No,No
3,female,0,0,39.6875,22.0,2.0,No,No,No,No,No
1,female,0,1,59.4,44.0,3.0,Yes,No,No,No,Yes
2,male,0,0,13.8583,29.0,3.0,No,No,No,No,Yes
2,male,1,0,11.5,21.0,2.0,No,No,No,No,No
1,female,0,0,134.5,31.0,3.0,No,No,No,No,Yes
1,male,0,0,0.0,49.0,2.0,No,No,No,No,Yes
2,male,0,0,13.0,44.0,2.0,No,No,No,No,No
1,female,1,1,81.8583,34.0,2.0,Yes,No,No,No,Yes
1,female,0,0,262.375,45.0,3.0,No,No,No,No,Yes
3,female,2,0,8.6625,22.0,2.0,No,No,No,No,No
2,male,0,0,11.5,20.0,2.0,No,No,No,No,No
1,male,0,0,50.0,55.0,2.0,No,No,No,No,No
3,male,4,2,31.3875,5.0,2.0,No,No,No,Yes,No
3,male,0,0,7.75,23.0,1.0,No,No,No,No,No
3,male,0,0,7.8792,19.0,1.0,No,No,No,No,No
3,female,0,0,14.5,58.0,2.0,Yes,No,No,No,No
3,female,1,0,16.1,19.0,2.0,Yes,No,No,No,No
2,male,0,0,12.875,24.0,2.0,No,No,No,No,No
2,female,1,2,65.0,24.0,2.0,No,No,No,No,Yes
3,male,0,0,7.775,24.0,2.0,No,No,No,No,No
2,male,0,0,13.0,57.0,2.0,No,No,No,No,No
3,male,0,0,7.75,21.0,1.0,No,No,No,No,No
3,male,3,1,21.075,6.0,2.0,No,No,No,Yes,No
1,male,0,0,93.5,22.0,2.0,No,No,No,No,No
1,female,0,1,39.4,50.0,3.0,Yes,No,No,No,Yes
3,male,0,2,20.25,14.0,2.0,No,No,No,Yes,No
2,male,0,0,10.5,47.0,2.0,No,No,No,No,No
3,male,3,1,22.025,29.0,2.0,No,No,No,No,Yes
1,female,1,0,60.0,18.0,3.0,Yes,No,No,No,Yes
3,male,0,0,7.25,24.0,1.0,No,Yes,No,No,No
1,female,1,1,79.2,48.0,3.0,Yes,No,No,No,Yes
3,male,0,0,7.775,22.0,2.0,No,No,No,No,No
3,male,0,0,7.7333,31.0,1.0,No,No,No,No,No
1,female,0,0,164.8667,30.0,2.0,No,No,No,No,Yes
2,male,1,0,21.0,38.0,2.0,No,No,No,No,No
1,female,0,1,59.4,22.0,3.0,No,No,No,No,Yes
1,male,0,0,47.1,17.0,2.0,No,Yes,No,Yes,No
1,male,1,0,27.7208,43.0,2.0,No,No,No,No,Yes
2,male,0,0,13.8625,20.0,3.0,No,No,No,No,Yes
2,male,1,0,10.5,23.0,2.0,No,No,No,No,No
1,male,1,1,211.5,50.0,2.0,No,No,No,No,No
3,female,0,0,7.7208,18.0,1.0,No,No,No,No,Yes
3,female,1,1,13.775,4.0,2.0,No,No,No,Yes,No
3,female,0,0,7.75,21.0,1.0,No,No,No,No,No
1,female,1,0,90.0,37.0,2.0,Yes,No,No,No,Yes
3,female,0,0,7.775,28.0,2.0,No,No,No,No,No
3,male,0,0,8.05,23.0,2.0,No,No,No,No,No
1,female,0,0,108.9,39.0,3.0,No,No,No,No,Yes
3,male,0,0,7.25,43.0,2.0,No,No,No,No,No
3,male,0,0,8.05,34.0,2.0,No,No,No,No,No
3,male,1,1,22.3583,4.0,3.0,No,No,No,Yes,Yes
